[
  {
    "model": "auth.user",
    "pk": 1,
    "fields": {
      "username": "AAS",
      "password": "",
      "email": "aas@gmail.com",
      "is_superuser": true,
      "is_staff": true,
      "is_active": true
    }
  },
  {
    "model": "events.event",
    "pk": 1,
    "fields": {
      "title": "Code Clash 2025",
      "description": "Competitive coding contest.",
      "date": "2025-11-15",
      "time": "10:00:00",
      "venue": "Main Auditorium",
      "max_participants": 100,
      "organizer": 1
    }
  },
  {
    "model": "events.event",
    "pk": 2,
    "fields": {
      "title": "Cultural Fiesta",
      "description": "Music and dance performances.",
      "date": "2025-12-05",
      "time": "18:00:00",
      "venue": "Open Ground",
      "max_participants": 500,
      "organizer": 1
    }
  },
  {
    "model": "events.event",
    "pk": 3,
    "fields": {
      "title": "Sports Meet",
      "description": "Inter college sports.",
      "date": "2025-11-25",
      "time": "08:00:00",
      "venue": "Sports Complex",
      "max_participants": 300,
      "organizer": 1
    }
  }
]